,gdp_growth_rate,unemployment_rate,inflation_rate,target_interest_rate,total_securities_holdings,loan_to_deposit_ratio,deposit_interest_rate,loans_interest_rate,consumer_loan_focus
0,0.003,0.036000000000000004,0.024155098200304703,-inf,-inf,-inf,-inf,-inf,-inf
1,0.027000000000000003,0.035,0.013037098996935281,-inf,-inf,-inf,-inf,-inf,-inf
2,0.034,0.036000000000000004,0.009921863631902728,-inf,-inf,-inf,-inf,-inf,-inf
3,0.027999999999999997,0.035,0.009254760572441567,-inf,-inf,-inf,-inf,-inf,-inf
4,0.024,0.036000000000000004,0.007516525399813512,-inf,-inf,-inf,-inf,-inf,-inf
5,0.029,0.034,0.009,0.0125,0.05,0.85,0.015,0.0325,0.55
6,0.025,0.032,0.011,0.015,-0.02,0.8,0.012,0.03,0.6
7,0.022,0.03,0.013,0.0175,-0.01,0.82,0.015,0.0275,0.65
