,gdp_growth_rate,unemployment_rate,inflation_rate,target_interest_rate,total_securities_holdings,loan_to_deposit_ratio,deposit_interest_rate,loans_interest_rate,consumer_loan_focus
0,0.003,0.036000000000000004,0.024155098200304703,0.0077,0.008591410158462764,-inf,-inf,-inf,-inf
1,0.027000000000000003,0.035,0.013037098996935281,0.0219,-0.007148066588668067,-inf,-inf,-inf,-inf
2,0.034,0.036000000000000004,0.009921863631902728,0.0365,-0.02295559024439331,-inf,-inf,-inf,-inf
3,0.027999999999999997,0.035,0.009254760572441567,0.0452,-0.027683812281047215,-inf,-inf,-inf,-inf
4,0.024,0.036000000000000004,0.007516525399813512,0.0499,-0.02799596667006443,-inf,-inf,-inf,-inf
5,0.025,0.036,0.0065,0.0425,0.03,0.85,0.015,0.04,0.7
6,0.025,0.036,0.006,0.0375,0.05,0.8,0.018,0.035,0.7
7,0.025,0.036,0.0055,0.0325,0.04,0.8,0.015,0.0325,0.7
